code,system
B7F1.00,readv2
B7H5000,readv2
B7F0000,readv2
BBb5.00,readv2
B7H2200,readv2
B7H5200,readv2
B7H2100,readv2
B7F4.00,readv2
B7F4z00,readv2
B7F3.00,readv2
BBd0.00,readv2
BBd6.00,readv2
BBd7.00,readv2
BBd3.00,readv2
BBd7.11,readv2
BBd8.00,readv2
BBd..00,readv2
B7F4000,readv2
BBd3.11,readv2
BBdz.00,readv2
BBd5.00,readv2
B7F2000,readv2
BBd4.00,readv2
BBd9.00,readv2
B7H5100,readv2
B7H2.00,readv2
B7H2300,readv2
B7H2z00,readv2
D35.3,readv2
B7F2.00,readv2
B7F2z00,readv2
B7F0.11,readv2
B7H2.11,readv2
B7H2000,readv2
D35.2,readv2
B7F1000,readv2
BBe5.11,readv2
B7FX.00,readv2
D32,readv2
B7F..00,readv2
B7Fz.00,readv2
37637.0,readv2
46251.0,readv2
11678.0,readv2
27289.0,readv2
47848.0,readv2
53562.0,readv2
55379.0,readv2
73669.0,readv2
44776.0,readv2
21247.0,readv2
38295.0,readv2
50466.0,readv2
18200.0,readv2
6174.0,readv2
65426.0,readv2
2843.0,readv2
50822.0,readv2
96487.0,readv2
35095.0,readv2
31189.0,readv2
38870.0,readv2
15635.0,readv2
9544.0,readv2
46829.0,readv2
12096.0,readv2
26157.0,readv2
94426.0,readv2
46490.0,readv2
37162.0,readv2
71886.0,readv2
67929.0,readv2
60341.0,readv2
31391.0,readv2
58575.0,readv2
20267.0,readv2
5706.0,readv2
65069.0,readv2
64587.0,readv2
39432.0,readv2
8672.0,readv2
55419.0,readv2
21598.0,readv2
2321.0,readv2
D33,readv2
B7H5z00,readv2
B7H5.00,readv2
D35.6,readv2
B7H3.00,readv2
D35.4,readv2
B7H4.00,readv2
D35.5,readv2